ecode	'Diag'	DESCRIPTION
D_10509002	Diag	Acute bronchitis (disorder)
D_109838007	Diag	Overlapping malignant neoplasm of colon
D_110030002	Diag	Concussion injury of brain
D_11218009	Diag	Infection caused by Pseudomonas aeruginosa
D_124171000119105	Diag	Chronic intractable migraine without aura
D_126906006	Diag	Neoplasm of prostate
D_127013003	Diag	Diabetic renal disease (disorder)
D_127295002	Diag	Traumatic brain injury (disorder)
D_128613002	Diag	Seizure disorder
D_132281000119108	Diag	Acute deep venous thrombosis (disorder)
D_1501000119109	Diag	Proliferative diabetic retinopathy due to type II diabetes mellitus (disorder)
D_1551000119108	Diag	Nonproliferative diabetic retinopathy due to type 2 diabetes mellitus (disorder)
D_156073000	Diag	Fetus with unknown complication
D_157141000119108	Diag	Proteinuria due to type 2 diabetes mellitus (disorder)
D_15724005	Diag	Fracture of vertebral column without spinal cord injury
D_15777000	Diag	Prediabetes
D_16114001	Diag	Fracture of ankle
D_161621004	Diag	History of upper limb amputation (situation)
D_161622006	Diag	History of lower limb amputation (situation)
D_162573006	Diag	Suspected lung cancer (situation)
D_162864005	Diag	Body mass index 30+ - obesity (finding)
D_1734006	Diag	Fracture of the vertebral column with spinal cord injury
D_185086009	Diag	Chronic obstructive bronchitis (disorder)
D_190905008	Diag	Cystic Fibrosis
D_19169002	Diag	Miscarriage in first trimester
D_192127007	Diag	Child attention deficit disorder
D_195662009	Diag	Acute viral pharyngitis (disorder)
D_195967001	Diag	Asthma
D_196416002	Diag	Impacted molars
D_197927001	Diag	Recurrent urinary tract infection
D_198992004	Diag	Antepartum eclampsia
D_200936003	Diag	Lupus erythematosus
D_201834006	Diag	Localized  primary osteoarthritis of the hand
D_206523001	Diag	Meconium Ileus
D_22298006	Diag	Myocardial Infarction
D_225444004	Diag	At risk for suicide (finding)
D_230265002	Diag	Familial Alzheimer's disease of early onset (disorder)
D_230690007	Diag	Stroke
D_232353008	Diag	Perennial allergic rhinitis with seasonal variation
D_233604007	Diag	Pneumonia
D_233604007	Diag	Pneumonia (disorder)
D_233678006	Diag	Childhood asthma
D_234466008	Diag	Acquired coagulation disorder (disorder)
D_235919008	Diag	Cholelithiasis
D_236077008	Diag	Protracted diarrhea
D_237602007	Diag	Metabolic syndrome X (disorder)
D_239720000	Diag	Tear of meniscus of knee
D_239872002	Diag	Osteoarthritis of hip
D_239873007	Diag	Osteoarthritis of knee
D_24079001	Diag	Atopic dermatitis
D_241929008	Diag	Acute allergic reaction
D_246677007	Diag	Passive conjunctival congestion (finding)
D_248595008	Diag	Sputum finding (finding)
D_249497008	Diag	Vomiting symptom (finding)
D_25064002	Diag	Headache (finding)
D_254632001	Diag	Small cell carcinoma of lung (disorder)
D_254637007	Diag	Non-small cell lung cancer (disorder)
D_254837009	Diag	Malignant neoplasm of breast (disorder)
D_262574004	Diag	Bullet wound
D_263102004	Diag	Fracture subluxation of wrist
D_267036007	Diag	Dyspnea (finding)
D_267060006	Diag	Diarrhea symptom (finding)
D_267102003	Diag	Sore throat symptom (finding)
D_26929004	Diag	Alzheimer's disease (disorder)
D_271737000	Diag	Anemia (disorder)
D_271825005	Diag	Respiratory distress (finding)
D_275272006	Diag	Brain damage - traumatic
D_283371005	Diag	Laceration of forearm
D_283385000	Diag	Laceration of thigh
D_284549007	Diag	Laceration of hand
D_284551006	Diag	Laceration of foot
D_287185009	Diag	Attempted suicide - cut/stab
D_301011002	Diag	Escherichia coli urinary tract infection
D_302870006	Diag	Hypertriglyceridemia (disorder)
D_307731004	Diag	Injury of tendon of the rotator cuff of shoulder
D_30832001	Diag	Rupture of patellar tendon
D_314994000	Diag	Metastasis from malignant tumor of prostate (disorder)
D_33737001	Diag	Fracture of rib
D_359817006	Diag	Closed fracture of hip
D_35999006	Diag	Blighted ovum
D_363406005	Diag	Malignant tumor of colon
D_367498001	Diag	Seasonal allergic rhinitis
D_368581000119106	Diag	Neuropathy due to type 2 diabetes mellitus (disorder)
D_36923009	Diag	Major depression  single episode
D_36955009	Diag	Loss of taste (finding)
D_36971009	Diag	Sinusitis (disorder)
D_370143000	Diag	Major depression disorder
D_370247008	Diag	Facial laceration
D_386661006	Diag	Fever (finding)
D_38822007	Diag	Cystitis
D_389087006	Diag	Hypoxemia (disorder)
D_398254007	Diag	Preeclampsia
D_39848009	Diag	Whiplash injury to neck
D_399211009	Diag	History of myocardial infarction (situation)
D_40055000	Diag	Chronic sinusitis (disorder)
D_40095003	Diag	Injury of kidney (disorder)
D_40275004	Diag	Contact dermatitis
D_403190006	Diag	First degree burn
D_403191005	Diag	Second degree burn
D_403192003	Diag	Third degree burn
D_406602003	Diag	Infection caused by Staphylococcus aureus
D_408512008	Diag	Body mass index 40+ - severely obese (finding)
D_410429000	Diag	Cardiac Arrest
D_422034002	Diag	Diabetic retinopathy associated with type II diabetes mellitus (disorder)
D_422587007	Diag	Nausea (finding)
D_424132000	Diag	Non-small cell carcinoma of lung  TNM stage 1 (disorder)
D_427089005	Diag	Diabetes from Cystic Fibrosis
D_427089005	Diag	Male Infertility
D_428251008	Diag	History of appendectomy
D_429007001	Diag	History of cardiac arrest (situation)
D_429280009	Diag	History of amputation of foot (situation)
D_431855005	Diag	Chronic kidney disease stage 1 (disorder)
D_431856006	Diag	Chronic kidney disease stage 2 (disorder)
D_433144002	Diag	Chronic kidney disease stage 3 (disorder)
D_43724002	Diag	Chill (finding)
D_43878008	Diag	Streptococcal sore throat (disorder)
D_44054006	Diag	Diabetes
D_443165006	Diag	Pathological fracture due to osteoporosis (disorder)
D_444448004	Diag	Injury of medial collateral ligament of knee
D_444470001	Diag	Injury of anterior cruciate ligament
D_44465007	Diag	Sprain of ankle
D_444814009	Diag	Viral sinusitis (disorder)
D_446096008	Diag	Perennial allergic rhinitis
D_448417001	Diag	Sepsis caused by Staphylococcus aureus
D_448813005	Diag	Sepsis caused by Pseudomonas (disorder)
D_449868002	Diag	Smokes tobacco daily
D_45816000	Diag	Pyelonephritis
D_47200007	Diag	Non-low risk pregnancy
D_47505003	Diag	Posttraumatic stress disorder
D_47693006	Diag	Rupture of appendix
D_48333001	Diag	Burn injury(morphologic abnormality)
D_49436004	Diag	Atrial Fibrillation
D_49727002	Diag	Cough (finding)
D_53741008	Diag	Coronary Heart Disease
D_55680006	Diag	Drug overdose
D_55822004	Diag	Hyperlipidemia
D_56018004	Diag	Wheezing (finding)
D_5602001	Diag	Opioid abuse (disorder)
D_57676002	Diag	Joint pain (finding)
D_58150001	Diag	Fracture of clavicle
D_59621000	Diag	Hypertension
D_6072007	Diag	Bleeding from anus
D_60951000119105	Diag	Blindness due to type 2 diabetes mellitus (disorder)
D_62106007	Diag	Concussion with no loss of consciousness
D_62564004	Diag	Concussion with loss of consciousness
D_64859006	Diag	Osteoporosis (disorder)
D_65275009	Diag	Acute Cholecystitis
D_65363002	Diag	Otitis media
D_65710008	Diag	Acute respiratory failure (disorder)
D_65966004	Diag	Fracture of forearm
D_66857006	Diag	Hemoptysis (finding)
D_67782005	Diag	Acute respiratory distress syndrome (disorder)
D_67811000119102	Diag	Primary small cell malignant neoplasm of lung  TNM stage 1 (disorder)
D_68235000	Diag	Nasal congestion (finding)
D_68496003	Diag	Polyp of colon
D_68962001	Diag	Muscle pain (finding)
D_698423002	Diag	History of disarticulation at wrist (situation)
D_698754002	Diag	Chronic paralysis due to lesion of spinal cord
D_69896004	Diag	Rheumatoid arthritis
D_703151001	Diag	History of single seizure (situation)
D_706870000	Diag	Acute pulmonary embolism (disorder)
D_70704007	Diag	Sprain of wrist
D_707577004	Diag	Female Infertility
D_713197008	Diag	Recurrent rectal polyp
D_7200002	Diag	Alcoholism
D_72892002	Diag	Normal pregnancy
D_74400008	Diag	Appendicitis
D_75498004	Diag	Acute bacterial sinusitis (disorder)
D_76571007	Diag	Septic shock (disorder)
D_770349000	Diag	Sepsis caused by virus (disorder)
D_79586000	Diag	Tubal pregnancy
D_80394007	Diag	Hyperglycemia (disorder)
D_82423001	Diag	Chronic pain
D_83664006	Diag	Idiopathic atrophic hypothyroidism
D_840539006	Diag	COVID-19
D_840544004	Diag	Suspected COVID-19
D_84114007	Diag	Heart failure (disorder)
D_84229001	Diag	Fatigue (finding)
D_84757009	Diag	Epilepsy
D_86175003	Diag	Injury of heart (disorder)
D_86849004	Diag	Suicidal deliberate poisoning
D_87433001	Diag	Pulmonary emphysema (disorder)
D_87628006	Diag	Bacterial infectious disease (disorder)
D_88805009	Diag	Chronic congestive heart failure (disorder)
D_90560007	Diag	Gout
D_90781000119102	Diag	Microalbuminuria due to type 2 diabetes mellitus (disorder)
D_92691004	Diag	Carcinoma in situ of prostate (disorder)
D_93761005	Diag	Primary malignant neoplasm of colon
D_94260004	Diag	Secondary malignant neoplasm of colon
D_95417003	Diag	Primary fibromyalgia syndrome
D_97331000119101	Diag	Macular edema and retinopathy due to type 2 diabetes mellitus (disorder)
M_1000126	Med	1 ML medroxyPROGESTERone acetate 150 MG/ML Injection
M_1000126	Med	1 ML medroxyprogesterone acetate 150 MG/ML Injection
M_1014676	Med	cetirizine hydrochloride 5 MG Oral Tablet
M_1014678	Med	cetirizine hydrochloride 10 MG Oral Tablet
M_1043400	Med	Acetaminophen 21.7 MG/ML / Dextromethorphan Hydrobromide 1 MG/ML / doxylamine succinate 0.417 MG/ML Oral Solution
M_1049221	Med	Acetaminophen 325 MG / Oxycodone Hydrochloride 5 MG Oral Tablet
M_1049221	Med	Acetaminophen 325 MG / oxyCODONE Hydrochloride 5 MG Oral Tablet
M_1049630	Med	diphenhydrAMINE Hydrochloride 25 MG Oral Tablet
M_1049635	Med	Acetaminophen 325 MG / oxyCODONE Hydrochloride 2.5 MG Oral Tablet
M_105078	Med	Penicillin G 375 MG/ML Injectable Solution
M_105585	Med	Methotrexate 2.5 MG Oral Tablet
M_106258	Med	Hydrocortisone 10 MG/ML Topical Cream
M_106892	Med	insulin human  isophane 70 UNT/ML / Regular Insulin  Human 30 UNT/ML Injectable Suspension [Humulin]
M_1091392	Med	Methylphenidate Hydrochloride 20 MG Oral Tablet
M_1094107	Med	Phenazopyridine hydrochloride 100 MG Oral Tablet
M_1100184	Med	Donepezil hydrochloride 23 MG Oral Tablet
M_1114085	Med	100 ML zoledronic acid 0.04 MG/ML Injection
M_1116758	Med	chloroquine phosphate 500 MG Oral Tablet
M_1190795	Med	Atropine Sulfate 1 MG/ML Injectable Solution
M_1234995	Med	Rocuronium bromide 10 MG/ML Injectable Solution
M_1243052	Med	Kalydeco 150 MG Oral Tablet
M_1359133	Med	Estrostep Fe 28 Day Pack
M_1363309	Med	Chlorpheniramine Maleate 4 MG Oral Tablet
M_1366343	Med	Levonorgestrel 0.00354 MG/HR Drug Implant
M_1367439	Med	NuvaRing 0.12/0.015 MG per 24HR 21 Day Vaginal Ring
M_1373463	Med	canagliflozin 100 MG Oral Tablet
M_141918	Med	Terfenadine 60 MG Oral Tablet
M_1534809	Med	168 HR Ethinyl Estradiol 0.00146 MG/HR / norelgestromin 0.00625 MG/HR Transdermal System
M_1599803	Med	24 HR Donepezil hydrochloride 10 MG / Memantine hydrochloride 28 MG Extended Release Oral Capsule
M_1601380	Med	palbociclib 100 MG Oral Capsule
M_1605257	Med	Liletta 52 MG Intrauterine System
M_1650142	Med	Doxycycline Monohydrate 100 MG Oral Tablet
M_1652673	Med	Doxycycline Monohydrate 50 MG Oral Tablet
M_1657981	Med	20 ML tocilizumab 20 MG/ML Injection
M_1659149	Med	Piperacillin 4000 MG / tazobactam 500 MG Injection
M_1659149	Med	piperacillin 4000 MG / tazobactam 500 MG Injection
M_1659263	Med	1 ML heparin sodium  porcine 5000 UNT/ML Injection
M_1660014	Med	1 ML Epinephrine 1 MG/ML Injection
M_1665227	Med	20 ML Ciprofloxacin 10 MG/ML Injection
M_1719286	Med	10 ML Furosemide 10 MG/ML Injection
M_1723208	Med	10 ML Alfentanil 0.5 MG/ML Injection
M_1729584	Med	remifentanil 2 MG Injection
M_1732136	Med	1 ML Morphine Sulfate 5 MG/ML Injection
M_1732186	Med	100 ML Epirubicin Hydrochloride 2 MG/ML Injection
M_1734340	Med	Etoposide 100 MG Injection
M_1734919	Med	Cyclophosphamide 1000 MG Injection
M_1735006	Med	10 ML Fentanyl 0.05 MG/ML Injection
M_1736776	Med	10 ML oxaliplatin 5 MG/ML Injection
M_1736854	Med	Cisplatin 50 MG Injection
M_1737449	Med	10 ML Pamidronate Disodium 3 MG/ML Injection
M_1740467	Med	2 ML Ondansetron 2 MG/ML Injection
M_1790099	Med	10 ML Doxorubicin Hydrochloride 2 MG/ML Injection
M_1803932	Med	Leucovorin 100 MG Injection
M_1804799	Med	Alteplase 100 MG Injection
M_1807513	Med	vancomycin 1000 MG Injection
M_1808217	Med	100 ML Propofol 10 MG/ML Injection
M_1809104	Med	5 ML SUFentanil 0.05 MG/ML Injection
M_1856546	Med	Kyleena 19.5 MG Intrauterine System
M_1860154	Med	Abuse-Deterrent 12 HR Oxycodone Hydrochloride 15 MG Extended Release Oral Tablet
M_1860480	Med	1 ML DOCEtaxel 20 MG/ML Injection
M_1870230	Med	NDA020800 0.3 ML Epinephrine 1 MG/ML Auto-Injector
M_1873983	Med	ribociclib 200 MG Oral Tablet
M_1946840	Med	Verzenio 100 MG Oral Tablet
M_197319	Med	Allopurinol 100 MG Oral Tablet
M_197361	Med	Amlodipine 5 MG Oral Tablet
M_197378	Med	Astemizole 10 MG Oral Tablet
M_197541	Med	Colchicine 0.6 MG Oral Tablet
M_197591	Med	Diazepam 5 MG Oral Tablet
M_197604	Med	Digoxin 0.125 MG Oral Tablet
M_198014	Med	Naproxen 500 MG Oral Tablet
M_198031	Med	24hr nicotine transdermal patch
M_198240	Med	Tamoxifen 10 MG Oral Tablet
M_198405	Med	Ibuprofen 100 MG Oral Tablet
M_198440	Med	Acetaminophen 500 MG Oral Tablet
M_198767	Med	Pancreatin 600 MG Oral Tablet
M_199224	Med	anastrozole 1 MG Oral Tablet
M_200064	Med	letrozole 2.5 MG Oral Tablet
M_2001499	Med	Vitamin B 12 5 MG/ML Injectable Solution
M_200243	Med	sevoflurane 1000 MG/ML Inhalant Solution
M_2047241	Med	baricitinib 2 MG Oral Tablet
M_204892	Med	clonazePAM 0.25 MG Oral Tablet
M_205532	Med	Pulmozyme (Dornase Alfa)
M_205923	Med	1 ML Epoetin Alfa 4000 UNT/ML Injection [Epogen]
M_2103182	Med	1 ML Vasopressin (USP) 20 UNT/ML Injection
M_2119714	Med	5 ML hyaluronidase-oysk 2000 UNT/ML / trastuzumab 120 MG/ML Injection
M_2123111	Med	NDA020503 200 ACTUAT Albuterol 0.09 MG/ACTUAT Metered Dose Inhaler
M_2284960	Med	remdesivir 100 MG Injection
M_235389	Med	Mestranol / Norethynodrel [Enovid]
M_241834	Med	cycloSPORINE  modified 100 MG Oral Capsule
M_242969	Med	4 ML Norepinephrine 1 MG/ML Injection
M_243670	Med	Aspirin 81 MG Oral Tablet
M_245314	Med	Albuterol 5 MG/ML Inhalation Solution
M_259255	Med	Atorvastatin 80 MG Oral Tablet
M_308182	Med	Amoxicillin 250 MG Oral Capsule
M_308192	Med	Amoxicillin 500 MG Oral Tablet
M_308460	Med	Azithromycin 250 MG Oral Tablet
M_308971	Med	Carbamazepine[Tegretol]
M_309043	Med	12 HR Cefaclor 500 MG Extended Release Oral Tablet
M_309045	Med	Cefaclor 250 MG Oral Capsule
M_309097	Med	Cefuroxime 250 MG Oral Tablet
M_309362	Med	Clopidogrel 75 MG Oral Tablet
M_310261	Med	exemestane 25 MG Oral Tablet
M_310325	Med	ferrous sulfate 325 MG Oral Tablet
M_310385	Med	FLUoxetine 20 MG Oral Capsule
M_310436	Med	Galantamine 4 MG Oral Tablet
M_310798	Med	Hydrochlorothiazide 25 MG Oral Tablet
M_310965	Med	Ibuprofen 200 MG Oral Tablet
M_311372	Med	Loratadine 10 MG Oral Tablet
M_311700	Med	Midazolam 1 MG/ML Injectable Solution
M_311989	Med	Nitrofurantoin 5 MG/ML Oral Suspension
M_311995	Med	NITROFURANTOIN  MACROCRYSTALS 50 MG Oral Capsule
M_312615	Med	predniSONE 20 MG Oral Tablet
M_312617	Med	predniSONE 5 MG Oral Tablet
M_312938	Med	Sertraline 100 MG Oral Tablet
M_312961	Med	Simvastatin 20 MG Oral Tablet
M_313002	Med	Sodium Chloride 9 MG/ML Injectable Solution
M_313185	Med	Tacrine 10 MG Oral Capsule
M_313572	Med	Vancomycin 50 MG/ML Injectable Solution
M_313782	Med	Acetaminophen 325 MG Oral Tablet
M_313820	Med	Acetaminophen 160 MG Chewable Tablet
M_313988	Med	Furosemide 40 MG Oral Tablet
M_314231	Med	Simvastatin 10 MG Oral Tablet
M_389221	Med	Etonogestrel 68 MG Drug Implant
M_429503	Med	Hydrochlorothiazide 12.5 MG
M_477045	Med	Chlorpheniramine Maleate 2 MG/ML Oral Solution
M_483438	Med	pregabalin 100 MG Oral Capsule
M_542347	Med	Isoflurane 999 MG/ML Inhalant Solution
M_562251	Med	Amoxicillin 250 MG / Clavulanate 125 MG Oral Tablet
M_562366	Med	desflurane 1000 MG/ML Inhalation Solution
M_583214	Med	PACLitaxel 100 MG Injection
M_583214	Med	Paclitaxel 100 MG Injection
M_596926	Med	duloxetine 20 MG Delayed Release Oral Capsule
M_597195	Med	Carboplatin 10 MG/ML Injectable Solution
M_608139	Med	atomoxetine 100 MG Oral Capsule
M_665078	Med	Loratadine 5 MG Chewable Tablet
M_672149	Med	lapatinib 250 MG Oral Tablet
M_705129	Med	Nitroglycerin 0.4 MG/ACTUAT Mucosal Spray
M_727711	Med	0.67 ML anakinra 149 MG/ML Prefilled Syringe
M_727762	Med	5 ML fulvestrant 50 MG/ML Prefilled Syringe
M_746030	Med	Atenolol 50 MG / Chlorthalidone 25 MG Oral Tablet
M_748856	Med	Yaz 28 Day Pack
M_748879	Med	Levora 0.15/30 28 Day Pack
M_748962	Med	Camila 28 Day Pack
M_749762	Med	Seasonique 91 Day Pack
M_749785	Med	Ortho Tri-Cyclen 28 Day Pack
M_749882	Med	Norinyl 1+50 28 Day Pack
M_751905	Med	Trinessa 28 Day Pack
M_752899	Med	0.25 ML Leuprolide Acetate 30 MG/ML Prefilled Syringe
M_757594	Med	Jolivette 28 Day Pack
M_789980	Med	Ampicillin 100 MG/ML Injectable Solution
M_807283	Med	Mirena 52 MG Intrauterine System
M_831533	Med	Errin 28 Day Pack
M_833036	Med	Captopril 25 MG Oral Tablet
M_833135	Med	Milnacipran hydrochloride 100 MG Oral Tablet
M_834061	Med	Penicillin V Potassium 250 MG Oral Tablet
M_834102	Med	Penicillin V Potassium 500 MG Oral Tablet
M_834357	Med	3 ML Amiodarone hydrocholoride 50 MG/ML Prefilled Syringe
M_849574	Med	Naproxen sodium 220 MG Oral Tablet
M_854228	Med	0.3 ML Enoxaparin sodium 100 MG/ML Prefilled Syringe
M_854235	Med	0.4 ML Enoxaparin sodium 100 MG/ML Prefilled Syringe
M_854252	Med	1 ML Enoxaparin sodium 150 MG/ML Prefilled Syringe
M_855332	Med	Warfarin Sodium 5 MG Oral Tablet
M_856980	Med	Acetaminophen/Hydrocodone
M_856987	Med	Acetaminophen 300 MG / HYDROcodone Bitartrate 5 MG Oral Tablet
M_857005	Med	Acetaminophen 325 MG / HYDROcodone Bitartrate 7.5 MG Oral Tablet
M_860975	Med	24 HR Metformin hydrochloride 500 MG Extended Release Oral Tablet
M_861467	Med	Meperidine Hydrochloride 50 MG Oral Tablet
M_865098	Med	Insulin Lispro 100 UNT/ML Injectable Solution [Humalog]
M_866414	Med	24 HR metoprolol succinate 100 MG Extended Release Oral Tablet [Toprol]
M_895994	Med	120 ACTUAT Fluticasone propionate 0.044 MG/ACTUAT Metered Dose Inhaler
M_896209	Med	60 ACTUAT Fluticasone propionate 0.25 MG/ACTUAT / salmeterol 0.05 MG/ACTUAT Dry Powder Inhaler
M_897122	Med	3 ML liraglutide 6 MG/ML Pen Injector
M_897718	Med	Verapamil Hydrochloride 40 MG
M_904419	Med	Alendronic acid 10 MG Oral Tablet
M_966222	Med	Levothyroxine Sodium 0.075 MG Oral Tablet
M_978950	Med	Natazia 28 Day Pack
M_979092	Med	Hydroxychloroquine Sulfate 200 MG Oral Tablet
M_993452	Med	1 ML denosumab 60 MG/ML Prefilled Syringe
M_996740	Med	Memantine hydrochloride 2 MG/ML Oral Solution
M_997223	Med	Donepezil hydrochloride 10 MG Oral Tablet
M_997488	Med	Fexofenadine hydrochloride 30 MG Oral Tablet
M_997501	Med	Fexofenadine hydrochloride 60 MG Oral Tablet
M_999967	Med	amLODIPine 5 MG / Hydrochlorothiazide 12.5 MG / Olmesartan medoxomil 20 MG Oral Tablet
M_999998	Med	Leronlimab 700 MG Injection
M_999999	Med	Aviptadil Infusion
M_999999	Med	CD24Fc 480 MG IV
M_999999	Med	CM4620 Injectable Emulsion
M_999999	Med	Lenzilumab 200 MG IV
